year,state,population,electric,phev,hev,biodiesel,ethanol,cng,propane,hydrogen,methanol,gasoline,diesel,unknown,total_vehicles,ev_adoption_rate,gas_adoption_rate,ev_growth_rate,gas_growth_rate
2017,Alabama,4874486.0,800,1100,30600,0,476700,18500,0,0,0,3750700,131500,49000,4458900,0.0001794164480028,0.8411715894054588,0.5919980264194773,-0.012008081551304284
2017,Alaska,739700.0,400,300,5200,0,59400,4400,0,0,0,506800,43200,16400,636100,0.0006288319446627,0.7967300738877535,1.062883194466293,-0.0060190122119127
2017,Arizona,7044008.0,7200,5800,96000,0,484600,16600,0,0,100,4940200,187500,108300,5846300,0.0012315481586644,0.8450130851991858,0.47809361876818124,-0.007984534380835018
2017,Arkansas,3001345.0,300,600,20000,0,352700,10800,0,0,0,2097400,100100,19800,2601700,0.000115309220894,0.8061651996771342,0.4815505246565588,-0.01248798092748038
2017,California,39358497.0,189700,159600,1039300,0,1495800,79300,0,3200,400,28171500,738600,122200,31999600,0.0059281991024887,0.8803703796297454,0.2860505257198971,-0.007948847972526485
2017,Colorado,5611885.0,8000,5200,79800,0,395500,14800,0,0,0,4256700,232400,83100,5075500,0.0015761993892227,0.8386759925130529,0.4726163237007921,-0.006608799873966231
2017,Connecticut,3573297.0,3000,3900,45200,0,179800,2900,0,0,0,2715700,57200,29600,3037300,0.0009877193560069,0.8941164850360518,0.4780232443288097,-0.005569951906092441
2017,Delaware,956823.0,400,900,11900,0,74900,1300,0,0,0,754200,16900,7000,867500,0.0004610951008645,0.8693948126801153,0.3155043227666743,-0.007581994968110517
2017,District of Columbia,,800,700,13600,0,23000,300,0,0,0,287400,3000,1200,330000,0.0024242424242424,0.8709090909090909,0.2650505050505565,-0.01842463512009951
2017,Florida,20963613.0,15900,13400,219700,0,1318500,16800,0,0,0,14267800,369900,131600,16353600,0.0009722629879659,0.8724562175912337,0.326954583868891,-0.008374325470171029
2017,Georgia,10410330.0,14400,5200,92200,0,793600,25100,0,0,0,7435300,218100,108000,8691900,0.0016567148724674,0.855428617448429,-0.21350222621061288,-0.009202241644372111
2017,Hawaii,1424393.0,5400,1700,23700,0,48400,1300,0,0,0,961200,18100,7000,1066800,0.0050618672665916,0.9010123734533184,0.26739514703518563,-0.006079290964534079
2017,Idaho,1717715.0,700,800,17700,0,123600,12000,0,0,0,1387400,130600,34500,1707300,0.000410004100041,0.8126281262812628,0.7124846248463497,0.0024793698428011712
2017,Illinois,12778828.0,8300,7700,155800,0,1056300,16400,0,0,0,8689700,200300,89700,10224200,0.0008117994561921,0.849914907767845,0.42616368602134513,-0.010113279700788791
2017,Indiana,6658078.0,1900,3200,59700,0,645000,17900,0,0,0,4880700,161600,76900,5846900,0.0003249585250303,0.8347500384819306,0.4352918114400226,-0.012800451894999676
2017,Iowa,3141550.0,600,1500,29000,0,405200,12300,0,0,0,2413800,112500,75400,3050300,0.0001967019637412,0.7913320001311347,0.4831819821000418,-0.01317437956027645
2017,Kansas,2908718.0,1000,1300,28200,0,277900,13200,0,0,0,2099900,92600,35900,2550000,0.000392156862745,0.8234901960784313,0.6470588235292636,-0.009453320230240148
2017,Kentucky,4452268.0,700,1200,33900,0,381500,14500,0,0,0,3319800,120300,44300,3916200,0.0001787447014963,0.8477095143251111,0.3698636433280822,-0.011250696148786044
2017,Louisiana,4670560.0,600,700,18700,0,512300,10500,0,0,0,3055100,155900,33900,3787700,0.0001584074768329,0.8065844707870211,0.4797238429665336,-0.010992394875560585
2017,Maine,1334612.0,500,1300,18900,0,120700,1600,0,0,0,1013200,31200,12300,1199700,0.0004167708593815,0.8445444694506961,0.6409657970047768,-0.013960732119045027
2017,Maryland,6023868.0,4400,6500,91200,0,369400,5500,0,0,0,4056000,105500,42100,4680600,0.0009400504208862,0.8665555697987437,0.356257744733701,-0.009503663032150778
2017,Massachusetts,6859789.0,5600,7900,103600,0,356300,3000,0,0,0,4667100,76900,37800,5258200,0.0010650032330455,0.8875851051690693,0.528812141036944,-0.008010055041692832
2017,Michigan,9973114.0,2500,12000,72000,0,1300200,17400,0,0,0,6879500,342300,75100,8701000,0.0002873232961728,0.7906562464084588,0.518988478336031,-0.03114285423586749
2017,Minnesota,5566230.0,2300,3100,63300,0,595100,12100,0,0,0,3960100,137200,47100,4820300,0.000477148725183,0.8215463767815281,0.42980597680659827,-0.010673606400000923
2017,Mississippi,2988510.0,200,300,12800,0,319400,7700,0,0,0,2136700,83400,15100,2575600,7.765180928715639e-05,0.8295931045193353,0.9432365274110888,-0.014545619186577818
2017,Missouri,6106670.0,2100,3300,88800,0,709800,19800,0,0,0,4645900,206100,64900,5740700,0.0003658090476771,0.8092915498109987,0.4479505983590859,-0.02449500287611217
2017,Montana,1052482.0,300,300,10000,0,118100,4900,0,0,0,737900,89000,19700,980200,0.0003060599877576,0.752805549887778,0.5120893695170226,-0.008996584273763042
2017,Nebraska,1915947.0,500,800,15800,0,230800,9100,0,0,0,1475100,82400,35700,1850200,0.000270241055021,0.7972651605231866,0.6400028825710788,-0.011844951154936556
2017,Nevada,2969905.0,3100,2000,34400,0,157000,6600,0,0,0,1965700,86900,33800,2289500,0.001354007425202,0.8585717405547063,0.504708451627115,-0.00797382483006337
2017,New Hampshire,1348787.0,600,1500,20300,0,113100,1600,0,0,0,1138200,33600,16100,1325000,0.0004528301886792,0.8590188679245283,0.47973584905658573,-0.00863185390768939
2017,New Jersey,8885525.0,6900,8100,84900,0,508700,4100,0,0,0,6137800,110500,50300,6911300,0.000998364996455,0.8880818369915935,0.5997135126531321,-0.004113584292399053
2017,New Mexico,2091784.0,700,1000,23600,0,173100,7600,0,0,0,1474900,97600,35600,1814100,0.0003858662697756,0.8130202304172868,0.29149440493904843,-0.011127730501250488
2017,New York,19589572.0,9400,17100,171000,0,960800,8700,0,0,0,9995700,186700,108400,11457800,0.0008204018223393,0.8723926059103841,0.5342321030359114,-0.0061312563107769336
2017,North Carolina,10268233.0,4400,4800,114300,0,727600,24100,0,0,0,7161700,225500,103900,8366300,0.0005259194626059,0.8560175943965672,0.488225133097536,-0.010000819524987103
2017,Ohio,11659650.0,3700,5600,98600,0,1010100,19500,0,0,0,8722000,215300,101200,10176000,0.0003636006289308,0.8571147798742138,0.41088231736818415,-0.010611030755724449
2017,Oklahoma,3931316.0,1200,900,25900,0,624400,18800,0,0,0,3238300,175100,67200,4151800,0.0002890312635483,0.7799749506238258,1.0079483597479313,-0.007973152691150398
2017,Oregon,4143625.0,10000,6000,90900,0,192900,14500,0,0,0,3130800,229000,91400,3765500,0.0026556898154295,0.8314433674146859,0.26869545273477846,-0.006314556342011612
2017,Pennsylvania,12787641.0,4400,7500,110100,0,846200,13400,0,0,0,8728400,224600,82400,10017000,0.0004392532694419,0.8713586902266147,0.3704976539883984,-0.007708164910855353
2017,Rhode Island,1055673.0,400,800,11800,0,49600,600,0,0,0,776800,13300,7900,861200,0.0004644681839294,0.9019972131908964,0.32775971512625746,-0.005971716740538646
2017,South Carolina,5021268.0,1200,1600,41900,0,426200,15000,0,0,0,3869600,107800,64600,4527900,0.0002650235208374,0.8546125135272422,0.46319485854362097,-0.010498191273986546
2017,South Dakota,872868.0,100,200,5900,0,125700,5300,0,0,0,681900,59700,22600,901400,0.0001109385400488,0.7564899045928556,-0.03261593077388347,-0.011302163062095194
2017,Tennessee,6708799.0,2900,2100,53400,0,500300,19900,0,0,0,4834800,144000,55200,5612600,0.000516694580052,0.8614189502191497,0.0903646739890549,-0.009691288989773228
2017,Texas,28295273.0,16100,10900,217100,0,2813400,56900,0,0,0,18252800,982900,194300,22544400,0.0007141463068433,0.8096378701584429,0.338676254022096,-0.010142332957165157
2017,Utah,3101042.0,3600,2500,36700,0,192600,10100,0,0,0,2136000,161000,36200,2578700,0.0013960522744018,0.8283243494784194,0.38611238220816824,-0.007737705576307707
2017,Vermont,624344.0,700,1600,12200,0,54600,700,0,0,0,518700,19600,8000,616100,0.0011361791916896,0.8419087810420386,1.323107720608121,-0.009917856036835704
2017,Virginia,8463587.0,5100,6100,136800,0,534100,16500,0,0,0,6707400,173300,60100,7639400,0.0006675916956829,0.8780008901222609,0.5942951101550209,-0.008267036441804931
2017,Washington,7423362.0,21000,9800,165100,0,362100,23000,0,0,0,5557300,287500,119700,6545500,0.0032083110533954,0.8490260484302192,0.34111708489719184,-0.007717135772202677
2017,West Virginia,1817004.0,100,400,9700,0,164700,4000,0,0,0,1278100,53800,18400,1529200,6.539366989275438e-05,0.8357964948992938,-0.0031388961548522998,-0.009647744403821656
2017,Wisconsin,5790186.0,2800,3500,67100,0,648900,13000,0,0,0,4530600,159100,49500,5474500,0.0005114622339939,0.8275824276189606,0.05603181182681616,-0.012840629666289072
2017,Wyoming,578931.0,100,100,4000,0,68700,4500,0,0,0,448600,71200,21700,618900,0.0001615769914364,0.7248343835837777,-0.006139925674401359,-0.006139925674583879
2018,Alabama,4887681.0,1300,1500,31800,0,509500,17000,0,0,0,3733700,135900,46000,4476700,0.000290392476601,0.8340295306810821,0.618538767395886,-0.008490608592028992
2018,Alaska,735139.0,500,300,5400,0,62000,3700,0,0,0,484900,41000,16100,613900,0.0008144648965629,0.7898680566867567,0.29520280175933467,-0.008612725220114581
2018,Arizona,7158024.0,12600,7700,102000,0,533600,15500,0,0,0,5061900,196300,103700,6033300,0.0020884093282283,0.8389935855999204,0.6957593688363402,-0.0071235578533632715
2018,Arkansas,3009733.0,600,800,20300,0,370600,9200,0,0,0,2070200,101700,18100,2591500,0.0002315261431603,0.7988423692841984,1.007871888867712,-0.009083535726757463
2018,California,39461588.0,273500,215000,1085300,0,1615200,77700,0,9400,300,28646700,761600,129800,32814500,0.0083347300735955,0.872989074951622,0.40594638093321134,-0.008384317383812623
2018,Colorado,5691287.0,12500,7400,84700,0,420500,13500,0,0,0,4278900,236200,78200,5131900,0.0024357450456945,0.8337847580818021,0.5453279974278402,-0.005832090670193746
2018,Connecticut,3571520.0,5000,5200,45100,0,188100,2500,0,0,0,2643300,54000,28200,2971400,0.0016827084875816,0.8895806690448946,0.7036301631106692,-0.005072958688346119
2018,Delaware,965479.0,800,1200,12300,0,80700,1200,0,0,0,758500,17000,6900,878600,0.0009105394946505,0.8633052583655816,0.9747325290235003,-0.007004360074062577
2018,District of Columbia,,1100,1000,13900,0,23500,200,0,0,0,291000,2600,1100,334400,0.0032894736842105,0.8702153110047847,0.3569078947368449,-0.0007966157565102439
2018,Florida,21244317.0,27400,17400,226900,0,1423900,15500,0,0,0,14541500,386500,135600,16774700,0.0016334122219771,0.8668709425503884,0.6800106989513299,-0.006401782608949302
2018,Georgia,10511131.0,15900,7000,97100,0,852500,23400,0,0,0,7500000,230100,104100,8830100,0.0018006591091833,0.8493675043317743,0.08688534104937373,-0.007085469194067606
2018,Hawaii,1420593.0,6600,2400,24800,0,52100,1100,0,0,0,969000,17800,6900,1080700,0.0061071527713519,0.8966410659757564,0.20650195860709353,-0.004851550995696119
2018,Idaho,1750536.0,1100,1100,19600,0,136900,11200,0,0,0,1426000,138400,26300,1760600,0.0006247870044303,0.8099511530160173,0.5238555038055033,-0.0032942168486043144
2018,Illinois,12723071.0,13600,9900,163800,0,1110700,14800,0,0,0,8631200,200800,89600,10234400,0.001328851715782,0.8433518330336903,0.636921170180665,-0.007722037434772622
2018,Indiana,6695497.0,3400,4100,64000,0,698200,16100,0,0,0,4881200,168300,73400,5908700,0.0005754226818081,0.8261038807182629,0.7707573043496736,-0.010357780611057632
2018,Iowa,3148618.0,1100,2000,30700,0,430600,11200,0,0,0,2397500,115300,72800,3061200,0.0003593362080229,0.7831895988501242,0.8268053922210825,-0.010289488204269781
2018,Kansas,2911359.0,1700,1800,29600,0,295700,12100,0,0,0,2087000,94500,32400,2554800,0.0006654141224361,0.8168936903084391,0.6968060122124793,-0.008010424169474839
2018,Kentucky,4461153.0,1200,1500,35800,0,414300,13200,0,0,0,3308700,123600,41100,3939400,0.000304614915977,0.8398994770777276,0.7041899056420731,-0.0092131055690714
2018,Louisiana,4659690.0,900,900,19000,0,539200,9500,0,0,0,3034700,158400,32200,3794800,0.0002371666490987,0.7996995889111416,0.49719352798530503,-0.008535847298376198
2018,Maine,1339057.0,800,1800,19600,0,132700,1400,0,0,0,1006500,31100,11700,1205600,0.0006635700066357,0.8348540145985401,0.5921698739217445,-0.011474179516513527
2018,Maryland,6035802.0,8400,8400,95300,0,389100,4900,0,0,0,4075000,104600,40700,4726400,0.0017772511848341,0.8621784021665538,0.8905913399396788,-0.005051225547146876
2018,Massachusetts,6882635.0,10300,11600,107000,0,387200,2600,0,0,0,4667700,74200,37500,5298100,0.0019440931654744,0.881013948396595,0.8254340504817443,-0.007403410370685148
2018,Michigan,9984072.0,4200,12300,79000,0,1351800,15300,0,0,0,6879900,285300,70300,8698100,0.0004828640737632,0.790965843115163,0.6805601223257551,0.0003915692921045988
2018,Minnesota,5606249.0,4900,4800,71000,0,660700,10700,0,0,0,4078700,138800,42600,5012200,0.0009776146203264,0.813754439168429,1.0488677192870153,-0.009484476875942893
2018,Mississippi,2981020.0,300,500,13600,0,342300,6300,0,0,0,2125900,89700,15000,2593600,0.0001156693399136,0.8196714990746453,0.48958975940734084,-0.011959604522555178
2018,Missouri,6121623.0,3500,4200,98600,0,744500,17800,0,0,0,4638300,212900,60600,5780400,0.0006054944294512,0.8024185177496367,0.6552199386431539,-0.008492652694776281
2018,Montana,1060665.0,500,400,10000,0,123700,4400,0,0,0,729000,89600,18400,976000,0.0005122950819672,0.7469262295081968,0.6738387978141676,-0.0078098791652874144
2018,Nebraska,1925614.0,900,1000,16800,0,246300,8400,0,0,0,1474400,84200,34000,1866000,0.0004823151125401,0.790139335476956,0.7847588424439063,-0.00893783574031315
2018,Nevada,3027341.0,5100,2900,37300,0,171800,6200,0,0,0,2005700,90600,32800,2352400,0.0021679986396871,0.852618602278524,0.6011718985689192,-0.006933769183150695
2018,New Hampshire,1353465.0,1200,2000,20700,0,124700,1400,0,0,0,1145600,33600,15800,1345000,0.0008921933085501,0.8517472118959107,0.9702602230483344,-0.008465071374027633
2018,New Jersey,8886025.0,13400,10800,89200,0,540100,3800,0,0,0,6333400,109700,50700,7151100,0.0018738375914195,0.8856539553355428,0.8769063399389332,-0.0027338490158466122
2018,New Mexico,2092741.0,1300,1300,25000,0,183700,6900,0,0,0,1478700,100000,33500,1830400,0.0007102272727272,0.8078562062937062,0.8406047077922403,-0.006351655137695755
2018,New York,19530351.0,15500,24300,173200,0,1003900,7800,0,0,0,9967300,184600,107000,11483600,0.0013497509491796,0.8679595248876659,0.6452315346288602,-0.005081520628080205
2018,North Carolina,10381615.0,7300,6500,119400,0,791100,22300,0,0,0,7205800,229300,99200,8480900,0.0008607577026023,0.8496503908783266,0.6366720834731923,-0.007438168981478754
2018,North Dakota,758080.0,100,200,3700,0,133300,4300,0,0,0,560300,54700,15900,772500,0.0001294498381877,0.7253074433656957,0.0033656957929992792,-0.008140791544194115
2018,Ohio,11676341.0,6400,7200,104900,0,1075400,17600,0,0,0,8725900,220800,96000,10254200,0.0006241345009849,0.8509586315851065,0.7165385627088241,-0.0071824082767663056
2018,Oklahoma,3940235.0,3700,1300,27800,0,629100,17100,0,0,0,3204200,178300,64500,4126000,0.0008967523024721,0.7765874939408628,2.1026135078368218,-0.004343032657976642
2018,Oregon,4181886.0,13800,8400,96300,0,210600,13500,0,0,0,3177400,238000,85700,3843700,0.0035902906054062,0.8266514035954939,0.351923927465734,-0.005763427801573906
2018,Pennsylvania,12800922.0,8000,9500,114800,0,893300,11900,0,0,0,8661000,227000,77500,10003000,0.0007997600719784,0.8658402479256223,0.8207265093201181,-0.006333146570853931
2018,Rhode Island,1058287.0,700,1200,12400,0,55500,600,0,0,0,792000,13200,7800,883400,0.0007923930269413,0.8965361104822278,0.7060221870046219,-0.006054456298539401
2018,South Carolina,5084156.0,2000,2200,43800,0,462200,14100,0,0,0,3906000,112500,61700,4604500,0.0004343576935606,0.848300575523944,0.6389401672279937,-0.007385730846892202
2018,South Dakota,878698.0,200,300,6300,0,135300,5000,0,0,0,689100,62000,21600,919800,0.0002174385736029,0.7491846053489889,0.9599913024567692,-0.009656836395983914
2018,Tennessee,6771631.0,3900,2900,59200,0,567600,19100,0,0,0,5059400,164100,55600,5931800,0.0006574732796115,0.8529282848376547,0.27246018246472037,-0.009856603896785554
2018,Texas,28628666.0,24500,14700,227700,0,3005900,51300,0,0,0,18453800,1019300,175300,22972500,0.0010664925454347,0.8032995973446512,0.4933810274099937,-0.007828528095593312
2018,Utah,3153550.0,5600,3400,40900,0,214100,9700,0,0,0,2221100,173700,36600,2705100,0.0020701637647406,0.8210787031902702,0.4828698055935283,-0.008747353971559124
2018,Vermont,624358.0,1100,2000,12600,0,57500,600,0,0,0,513600,19100,7700,614200,0.0017909475740801,0.8362097036795832,0.5762897148440125,-0.006769233782550121
2018,Virginia,8501286.0,9900,8100,141300,0,569100,15100,0,0,0,6721800,173400,55800,7694500,0.0012866333095067,0.873585028266944,0.927275785224625,-0.0050294503171882665
2018,Washington,7523869.0,30200,13700,177800,0,387400,21400,0,0,0,5608000,295400,110600,6644500,0.0045451124990593,0.8440063210173828,0.41666827917110627,-0.005912336166973287
2018,West Virginia,1804291.0,200,500,10100,0,172900,3500,0,0,0,1256800,54700,16500,1515200,0.0001319957761351,0.8294614572333685,1.0184794086579494,-0.007579641341626586
2018,Wisconsin,5807406.0,3700,4500,70900,0,696300,11400,0,0,0,4515800,162500,47100,5512200,0.0006712383440368,0.8192373281085592,0.3123908265821356,-0.010083707956935584
2018,Wyoming,577601.0,200,200,4100,0,71500,4200,0,0,0,450100,72900,20400,623600,0.0003207184092366,0.7217767799871713,0.9849262347655565,-0.004218347895541097
2019,Alabama,4903185.0,2000,1800,33700,0,543900,15900,0,0,0,3806700,144900,44300,4593200,0.0004354262823304,0.8287686144735696,0.49944064469919724,-0.006307829655883168
2019,Alaska,731545.0,700,400,5800,0,64000,3200,0,0,0,473700,40100,14600,602500,0.001161825726141,0.7862240663900415,0.42648962655602163,-0.0046134164635048824
2019,Arizona,7278717.0,19500,9600,108100,0,571500,14300,0,0,0,5186900,208800,99000,6217700,0.0031362079225437,0.8342152242790742,0.501720893578032,-0.005695349050171106
2019,Arkansas,3017804.0,900,1000,21100,0,383000,8000,0,0,0,2059000,105200,16700,2594900,0.0003468341747273,0.7934795175151258,0.4980346063432024,-0.006713279083929824
2019,California,39512223.0,349700,247300,1154200,0,1698700,76200,0,12700,300,29210100,785800,136900,33671900,0.0103855143309406,0.8674918849248187,0.24605287024735256,-0.006296974595138005
2019,Colorado,5758736.0,19200,9300,92400,0,447700,12600,0,0,0,4347900,246700,73600,5249400,0.0036575608640987,0.8282660875528632,0.501618927877497,-0.006618819156199329
2019,Connecticut,3565287.0,6900,5700,47400,0,196800,2300,0,0,0,2632800,53100,27700,2972700,0.0023211222121303,0.8856595014633162,0.37939650822480386,-0.004407883082473529
2019,Delaware,973764.0,1300,1300,13200,0,85500,1000,0,0,0,768600,17200,6800,894900,0.0014526762766789,0.8588669125041904,0.5954017208627431,-0.005141108337268663
2019,District of Columbia,,1800,1300,13700,0,22500,200,0,0,0,286300,2400,1100,329300,0.0054661402976009,0.8694199817795324,0.6617066504706868,-0.0009139453365097916
2019,Florida,21477737.0,40300,20400,235300,0,1486600,14200,0,0,0,14726700,408500,139200,17071200,0.0023607010637799,0.8626634331505694,0.44525737717480873,-0.004853674512886874
2019,Georgia,10617423.0,19000,8400,101800,0,890400,22000,0,0,0,7552700,237500,101800,8933600,0.0021268021850094,0.8454262559326587,0.18112427508504036,-0.004640215665204117
2019,Hawaii,1415872.0,8800,2900,25800,0,55600,1000,0,0,0,970900,17900,6800,1089700,0.0080756171423327,0.8909791685785079,0.32232112813923486,-0.006314564001245082
2019,Idaho,1787065.0,1600,1500,21900,0,148600,10500,0,0,0,1453500,147200,25500,1810300,0.0008838314091587,0.8029055957576092,0.41461234451347884,-0.008698743414553456
2019,Illinois,12671821.0,19300,11600,177300,0,1153600,13400,0,0,0,8665900,209000,98000,10348100,0.0018650766807433,0.8374387568732424,0.40352505745589795,-0.0070113989545471656
2019,Indiana,6732219.0,5100,4700,68900,0,745100,14500,0,0,0,4887900,175900,70700,5972800,0.0008538708813286,0.818359898205197,0.4839020225020618,-0.009374102572103804
2019,Iowa,3155070.0,1600,2400,33100,0,448900,10200,0,0,0,2397900,120300,71000,3085400,0.0005185713359694,0.7771763790756466,0.44313688515450744,-0.007677859592755243
2019,Kansas,2913314.0,2300,2100,31700,0,313500,11300,0,0,0,2094100,98800,29500,2583300,0.0008903340688266,0.8106298145782527,0.33801498766972626,-0.007667920323660815
2019,Kentucky,4467673.0,1900,1800,38000,0,442000,12000,0,0,0,3309900,129100,38900,3973600,0.0004781558284678,0.8329726192872962,0.5697058922219791,-0.008247246223479165
2019,Louisiana,4648794.0,1400,1000,19800,0,554400,8500,0,0,0,3030400,162300,30800,3808600,0.0003675891403665,0.7956729506905424,0.549919188736874,-0.005035188558845882
2019,Maine,1344212.0,1300,2200,20600,0,141300,1300,0,0,0,1002000,32500,11200,1212400,0.0010722533817222,0.8264599142197294,0.6158858462553558,-0.010054572694181974
2019,Maryland,6045680.0,13200,10000,100700,0,400600,4400,0,0,0,4068900,107000,39400,4744200,0.0027823447578095,0.8576577715947894,0.5655326503941658,-0.005243265848929424
2019,Massachusetts,6892503.0,14100,12900,112400,0,400100,2300,0,0,0,4613000,72600,36800,5264200,0.0026784696630067,0.8762964932943277,0.37774758461902036,-0.005354574817859392
2019,Michigan,9986857.0,6600,12400,86500,0,1353800,13100,0,0,0,6786400,224900,67800,8551500,0.0007717944220312,0.793591767526165,0.5983678719690659,0.0033198960914164743
2019,Minnesota,5639632.0,7700,5800,77400,0,704600,10100,0,0,0,4174400,155100,43800,5178900,0.0014868022166869,0.8060398926412945,0.5208469531587974,-0.009480189791674754
2019,Mississippi,2976149.0,500,600,14400,0,366500,5600,0,0,0,2166800,95100,14800,2664300,0.0001876665540667,0.8132717787035995,0.6224399154251146,-0.007807664873392239
2019,Missouri,6137428.0,4900,5000,86200,0,764500,15900,0,0,0,4591200,219600,55900,5743200,0.0008531828945535,0.7994149603008776,0.40906811533641463,-0.0037431307756736754
2019,Montana,1068778.0,700,500,10500,0,129000,3900,0,0,0,717800,90900,16800,970100,0.0007215750953509,0.7399237192042057,0.4085145861249928,-0.009375102958429693
2019,Nebraska,1934408.0,1300,1100,18200,0,256900,7700,0,0,0,1476500,87000,32400,1881100,0.0006910850034554,0.7849130827707193,0.43284957383113865,-0.006614343156428282
2019,Nevada,3080156.0,7900,3600,40100,0,181300,5700,0,0,0,2037600,95500,32000,2403700,0.0032865998252693,0.8476931397428964,0.5159602801889414,-0.005776864969242901
2019,New Hampshire,1359711.0,1900,2200,21900,0,133100,1300,0,0,0,1156800,35000,15700,1367900,0.0013889904232765,0.8456758534980627,0.5568267660892272,-0.007128122420657745
2019,New Jersey,8882190.0,20200,11700,99900,0,561100,3300,0,0,0,6384100,110900,51400,7242600,0.0027890536547648,0.8814652196724932,0.4884180291484017,-0.004729539836428098
2019,New Mexico,2096829.0,1900,1600,26800,0,194100,6400,0,0,0,1490400,104300,31600,1857100,0.0010231005330892,0.8025415971137796,0.4405255505897412,-0.006578657363182305
2019,New York,19453561.0,23000,28000,182800,0,1027800,7000,0,0,0,9935300,186100,107200,11497200,0.0020004870751139,0.8641495320599798,0.48211570166320517,-0.004389597346926122
2019,North Carolina,10488084.0,11600,8100,126600,0,846400,20600,0,0,0,7311100,242600,96300,8663300,0.0013389816813454,0.8439162905590248,0.5555848960715675,-0.006748776180017013
2019,North Dakota,762062.0,200,200,4000,0,135800,4000,0,0,0,563900,56700,14000,778800,0.0002568053415511,0.7240626605033385,0.983821263482282,-0.0017162141016794363
2019,Ohio,11689100.0,10200,8600,114500,0,1127400,15800,0,0,0,8735800,231500,92200,10336000,0.0009868421052631,0.8451818885448916,0.5811369243421702,-0.0067885121859030395
2019,Oklahoma,3956971.0,3400,1600,28500,0,621500,15700,0,0,0,3228200,186900,62000,4147800,0.0008197116543709,0.7782921066589518,-0.08591073353123269,0.002195004080530305
2019,Oregon,4217737.0,18800,10400,102000,0,222400,12100,0,0,0,3125800,243500,80100,3815100,0.0049277869518492,0.8193232156431024,0.3725315004944225,-0.008864907167057123
2019,Pennsylvania,12801989.0,12000,11200,126300,0,931800,10500,0,0,0,8676900,234000,72900,10075600,0.0011909960697129,0.8611794831077058,0.4891917106672796,-0.005382938514446267
2019,Rhode Island,1059361.0,1100,1300,13100,0,57700,500,0,0,0,792000,13100,7800,886600,0.0012406947890818,0.8933002481389578,0.565756823821356,-0.003609293931874591
2019,South Carolina,5148714.0,3000,2600,46500,0,493800,13000,0,0,0,3954600,119000,59600,4692100,0.0006393725623921,0.842820911745274,0.47199548176737216,-0.006459578051430159
2019,South Dakota,884659.0,300,400,6600,0,137000,4500,0,0,0,683200,63200,20000,915200,0.0003277972027972,0.7465034965034965,0.5075393356647191,-0.0035787025338614997
2019,Tennessee,6829174.0,5700,3600,64300,0,611900,17400,0,0,0,5160900,172700,53000,6089500,0.0009360374414976,0.8475080055833812,0.42368894755799547,-0.006354906210321198
2019,Texas,28995881.0,38400,18100,244600,0,3200700,47300,0,100,0,19293900,1070200,178000,24091300,0.0015939364002772,0.8008658727424423,0.49455934511714283,-0.0030296599304340255
2019,Utah,3205958.0,8000,4400,45300,0,230100,9200,0,0,0,2291100,183300,36300,2807700,0.0028493072621718,0.8160059835452506,0.3763680490895027,-0.006178116208969686
2019,Vermont,623989.0,1700,2000,13300,0,59100,600,0,0,0,509000,19400,7400,612500,0.0027755102040816,0.8310204081632653,0.5497439703153841,-0.00620573463030083
2019,Virginia,8535519.0,15000,9800,151000,0,603200,13600,0,0,0,6750300,178400,52200,7773500,0.001929632726571,0.8683733196115007,0.49975343581834397,-0.005965885960502848
2019,Washington,7614893.0,40400,16100,193400,0,408800,19600,0,0,0,5612100,308700,100300,6699400,0.0060303907812639,0.8377018837507837,0.3267858127850536,-0.007469656458259255
2019,West Virginia,1792147.0,400,600,10900,0,177300,3100,0,0,0,1234300,56300,15400,1498300,0.000266969231796,0.8238003070146166,1.0225589000874717,-0.006825091352206325
2019,Wisconsin,5822434.0,4700,5300,76200,0,733700,10100,0,0,0,4519800,168800,45300,5563900,0.0008447312137169,0.8123438595229965,0.2584668638515508,-0.008414495225062879
2019,Wyoming,578759.0,200,200,4200,0,75100,3800,0,0,0,452800,75400,19100,630800,0.0003170577045022,0.7178186429930248,-0.011414077361862507,-0.005483879647966594
2020,Alabama,5031864.0,2900,2100,36300,0,567600,15100,0,0,0,3863500,154100,41600,4683200,0.0006192347113085,0.8249701059104886,0.42213443799110606,-0.004583316135220561
2020,Alaska,732964.0,900,400,6200,0,64000,2700,0,0,0,460900,39600,11400,586100,0.0015355741341068,0.7863845760109196,0.3216905939991568,0.0002041525154719004
2020,Arizona,7186683.0,28800,11200,115400,0,584800,13800,0,0,0,5202200,226000,103400,6285600,0.0045819014891179,0.827637775232277,0.460968660968637,-0.007884594832804015
2020,Arkansas,3014348.0,1300,1100,22400,0,392800,7200,0,0,0,2093700,111100,15700,2645300,0.0004914376441235,0.7914792273088118,0.416923936373615,-0.0025209096922603758
2020,California,39503200.0,425300,265500,1228700,0,1745100,75300,0,14000,300,29642700,825900,116700,34339500,0.0123851541228031,0.8632245664613637,0.19254123851191074,-0.00491914510972602
2020,Colorado,5785219.0,24700,10800,96500,0,447000,11400,0,0,0,4263300,249700,89600,5193000,0.0047564028499903,0.8209705372616984,0.3004302667051797,-0.008808220450893689
2020,Connecticut,3577586.0,9000,6200,49600,0,199300,2000,0,0,0,2577600,53000,26100,2922800,0.0030792390858081,0.8818940741754482,0.3266165261423304,-0.004251551845428914
2020,Delaware,991862.0,1900,1500,14800,0,89700,1000,0,0,0,780600,17900,6600,914000,0.0020787746170678,0.8540481400437637,0.4309964652415761,-0.0056106160224250745
2020,District of Columbia,,2400,1600,14300,0,21900,200,0,0,0,274400,2300,1200,318300,0.0075400565504241,0.8620797989318253,0.37941145669704923,-0.008442620369367604
2020,Florida,21591299.0,58200,22400,248500,0,1513000,13100,0,0,0,14925500,433700,127300,17341700,0.0033560723573813,0.8606710991425293,0.4216422438543044,-0.002309514848408245
2020,Georgia,10732390.0,23500,9400,109000,0,919400,21000,0,0,0,7665100,252800,97600,9097800,0.0025830420541229,0.8425223680450219,0.21451918393223002,-0.00343482103525794
2020,Hawaii,1451181.0,10700,3200,26400,0,52700,900,0,100,0,948300,18000,6000,1066300,0.0100346994279283,0.8893369595798556,0.24259226893335684,-0.0018431508351338666
2020,Idaho,1849339.0,2300,1700,24900,0,156300,9900,0,0,0,1480700,155700,26900,1858400,0.0012376237623762,0.7967606543263022,0.4002939356435262,-0.0076533797544514615
2020,Illinois,12790357.0,26000,13000,190600,0,1154700,12100,0,0,0,8533600,213600,90600,10234200,0.0025405014559027,0.8338316624650681,0.3621431666231647,-0.004307293373478682
2020,Indiana,6789098.0,7000,5300,75300,0,774400,13400,0,0,0,4916700,183700,70300,6046100,0.0011577711251881,0.8132018987446453,0.35590889735768894,-0.006302849726463888
2020,Iowa,3190904.0,2300,2600,36400,0,459900,9500,0,0,0,2402200,125300,69100,3107300,0.000740192450037,0.773082740643002,0.42736861584011177,-0.005267322248668327
2020,Kansas,2938124.0,3100,2400,34000,0,324700,10600,0,0,0,2086800,102900,27700,2592200,0.001195895378443,0.8050304760435152,0.34319849179657824,-0.006907392787730893
2020,Kentucky,4508155.0,2600,2100,41300,0,458800,10900,0,0,0,3281300,133700,36500,3967200,0.0006553740673522,0.8271072796934866,0.3706286284374638,-0.007041455454835921
2020,Louisiana,4652022.0,2000,1200,21600,0,556600,7700,0,0,0,3039100,164900,28000,3821100,0.000523409489414,0.7953468896391092,0.42389812955883666,-0.00040979280639152904
2020,Maine,1364517.0,1900,2800,22400,0,148500,1200,0,0,0,1001700,34600,10900,1224000,0.0015522875816993,0.8183823529411764,0.447687280040183,-0.009773687918281038
2020,Maryland,6173689.0,18000,11900,109700,0,406600,4100,0,0,0,4136000,111700,37900,4835900,0.0037221613350151,0.855269960090159,0.33777862163476247,-0.0027841075819674543
2020,Massachusetts,6997713.0,21000,15600,122600,0,418900,2100,0,0,0,4697000,75500,36800,5389500,0.0038964653492902,0.8715094164579275,0.4547356660804014,-0.005462850613955794
2020,Michigan,10070627.0,10600,12500,93400,0,1348900,11200,0,0,0,6728600,217400,62100,8484700,0.0012493075771683,0.7930274494089361,0.6187051130537924,-0.000711093713822164
2020,Minnesota,5710578.0,10400,6700,83800,0,722800,9100,0,0,0,4162400,161700,43000,5199900,0.0020000384622781,0.8004769322486971,0.3451947002977065,-0.006901594379365328
2020,Mississippi,2958409.0,800,700,15800,0,381000,5000,0,0,0,2197800,99600,13800,2714500,0.000294713575244,0.809651869589243,0.5704107570454648,-0.004451044791111358
2020,Missouri,6154426.0,6700,5300,77600,0,744100,14000,0,0,0,4442300,212200,52100,5554300,0.0012062726176115,0.7997947536143168,0.4138499790748664,0.00047508907426041525
2020,Montana,1087211.0,900,600,11200,0,130600,3600,0,0,0,714000,93100,16400,970400,0.0009274525968672,0.7357790601813685,0.285316806029984,-0.005601467982800812
2020,Nebraska,1963273.0,1800,1300,20200,0,262800,7200,0,0,0,1482500,90400,31700,1897900,0.0009484166710574,0.7811265082459561,0.3723589230201074,-0.004824195962432776
2020,Nevada,3115840.0,11000,4200,42900,0,183700,5100,0,0,0,2036400,99100,28900,2411300,0.0045618546012524,0.8445237009082238,0.38801644367476573,-0.0037388987666384654
2020,New Hampshire,1378702.0,2700,2500,23300,0,135900,1200,0,0,0,1159600,37600,15800,1378600,0.0019585086319454,0.8411431887422023,0.41002313559906267,-0.00535981338134639
2020,New Jersey,9272392.0,30400,12800,104600,0,548400,2900,0,0,0,6227300,106700,47000,7080100,0.0042937246649058,0.8795497238739566,0.5394915969330423,-0.002173081541718025
2020,New Mexico,2118488.0,2600,1900,28500,0,197900,6000,0,0,0,1490700,108100,30300,1866000,0.0013933547695605,0.7988745980707396,0.36189428555308845,-0.004569232369048271
2020,New York,20104710.0,32600,32600,192700,0,1020500,6200,0,0,0,9890800,189900,102600,11467900,0.0028427174984086,0.862477001020239,0.4210126792480009,-0.0019354648445549794
2020,North Carolina,10453812.0,16200,9300,133400,0,878800,19700,0,0,0,7376600,256300,93400,8783700,0.0018443252843334,0.8398055489144666,0.3774088996350078,-0.004871030089767858
2020,North Dakota,779563.0,200,300,4400,0,135600,3700,0,0,0,567200,57700,12500,781600,0.0002558853633572,0.7256908904810645,-0.003582395087046719,0.002248741809989463
2020,Ohio,11798292.0,14500,9500,124100,0,1153500,14100,0,0,0,8690900,240900,88900,10336400,0.0014028094887968,0.8408053093920513,0.4215136153141741,-0.005178268976368194
2020,Oklahoma,3965234.0,3400,1800,30100,0,574100,14800,0,0,0,3126100,190800,60600,4001700,0.000849638903466,0.7811929929779844,0.036509483469608695,0.0037272462282644803
2020,Oregon,4245044.0,22800,11800,106100,0,222000,10900,0,0,0,2990200,246200,82600,3692600,0.0061745111845312,0.8097817256133889,0.25299880958005994,-0.01164557508873243
2020,Pennsylvania,12995477.0,17500,12800,140800,0,953200,9600,0,0,0,8781500,241000,69500,10225900,0.0017113408110777,0.8587508189988168,0.4368987896746237,-0.002820160206470246
2020,Rhode Island,1096444.0,1600,1600,14100,0,59100,500,0,0,0,785400,13300,7500,883100,0.0018117993432227,0.8893670026044616,0.4603102706375972,-0.004403049862227726
2020,South Carolina,5132151.0,4400,3000,49700,0,515600,12200,0,0,0,4004100,127200,56200,4772400,0.0009219679825664,0.8390118179532311,0.44198865699994827,-0.004519458094786932
2020,South Dakota,887852.0,400,500,7200,0,139400,4100,0,0,0,688400,65500,19500,925000,0.0004324324324324,0.7442162162162163,0.3192072072071195,-0.003063991391860088
2020,Tennessee,6926091.0,7800,4300,68700,0,638600,16500,0,0,0,5218400,181600,50900,6186800,0.0012607486907609,0.8434732010085989,0.3468998512963144,-0.004760786385734517
2020,Texas,29234361.0,52200,20400,262300,0,3250000,43600,0,100,0,19609700,1107000,163600,24508900,0.0021298385484456,0.8001052678822795,0.33621300578567737,-0.0009497281455609352
2020,Utah,3283982.0,11200,5200,49800,0,231700,8700,0,0,0,2346000,191400,35700,2879700,0.003889294023683,0.8146681946036045,0.36499635378688544,-0.0016394352107981236
2020,Vermont,642936.0,2200,2300,13900,0,58800,500,0,0,0,501000,19700,6800,605200,0.0036351619299405,0.8278255122273629,0.3097274600521074,-0.003844545698900248
2020,Virginia,8637193.0,20500,11200,157800,0,618500,12200,0,0,0,6646500,183700,46800,7697200,0.0026633061372966,0.8634958166606038,0.3802140172183719,-0.005616827280090719
2020,Washington,7724566.0,50500,18400,211300,0,424000,18700,0,0,0,5687600,326300,95300,6832100,0.0073915779921254,0.8324819601586628,0.22572122773380388,-0.006231242514041946
2020,West Virginia,1791562.0,600,700,11900,0,178200,2800,0,0,0,1216500,57800,14200,1482700,0.0004046671612598,0.8204626694543737,0.5157820192890974,-0.004051512887071063
2020,Wisconsin,5896700.0,6300,5900,82500,0,755700,8700,0,0,0,4494600,175200,41900,5570800,0.0011308968191283,0.8068141021038271,0.33876527913801535,-0.0068071634374344825
2020,Wyoming,577664.0,300,300,4700,0,77100,3600,0,0,0,456200,77400,18700,638300,0.0004699984333385,0.7147109509634968,0.48237505874971975,-0.004329355415694014
2021,Alabama,5050380.0,4700,3300,42500,40500,449500,500,100,0,0,4051000,123500,32000,4747600,0.0009899738815401,0.8532732327913051,0.5987054075960856,0.0343080636232016
2021,Alaska,734923.0,1300,500,7300,7600,50100,100,0,0,0,464200,31700,6300,569100,0.0022843085573712,0.8156738710244246,0.487592494972519,0.03724551053897862
2021,Arizona,7272487.0,40700,15500,132200,51000,460400,900,900,0,0,5395300,191800,70500,6359200,0.0064001761227827,0.8484243301044156,0.39683843879735003,0.025115522145306768
2021,Arkansas,3028443.0,2400,1800,26100,28700,290200,300,0,0,0,2241600,88800,11000,2690900,0.0008918949050503,0.8330298413170315,0.8148689171767305,0.05249741569276578
2021,California,39145060.0,563100,315300,1355900,163600,1343200,12600,1500,11800,0,30512600,710500,10400,35000500,0.01608834159512,0.8717761174840359,0.29900213074447946,0.009906519525652246
2021,Colorado,5811596.0,37000,16100,113600,53800,346700,600,100,0,0,4456600,208400,53500,5286400,0.0069990920096852,0.8430311743341404,0.4715095063277648,0.026871411422417113
2021,Connecticut,3603691.0,13300,9200,55400,8800,140700,400,0,0,0,2578400,44300,21500,2872000,0.0046309192200557,0.8977715877437326,0.5039167440421033,0.018003878281107166
2021,Delaware,1004881.0,3000,2000,16700,4100,67400,100,0,0,0,796400,14600,5300,909600,0.0032981530343007,0.8755496921723834,0.5865851965004678,0.02517604233353632
2021,District of Columbia,,3700,2500,16100,300,17400,100,0,0,0,278900,2100,600,321700,0.0115013988187752,0.8669567920422754,0.5253730183400664,0.00565724091492803
2021,Florida,21830708.0,95600,32200,287000,129300,1154600,600,100,0,0,15595900,336900,97400,17729600,0.0053921126252143,0.8796532352675751,0.6066735311457037,0.022055040704814344
2021,Georgia,10790385.0,34000,13600,128200,70200,745200,700,300,0,0,8123100,203200,81200,9399700,0.0036171367171292,0.8641871549091993,0.40033984787655275,0.02571419784907092
2021,Hawaii,1446745.0,14200,4500,28800,2800,42200,100,0,0,0,968200,15700,4300,1080800,0.0131384159881569,0.8958179126572909,0.3092984082403527,0.007287398783580423
2021,Idaho,1904537.0,3500,2500,30400,33400,132500,300,100,0,0,1545500,133500,29400,1911100,0.0018314059965464,0.8086965621893151,0.4797760452095363,0.014980543778363664
2021,Illinois,12690341.0,36500,18300,214300,48100,822300,800,100,0,0,8657800,169900,59600,10027700,0.0036399174287224,0.8633884140929625,0.43275549803967817,0.03544690488307367
2021,Indiana,6813798.0,10400,7500,88200,41100,587400,800,100,0,0,5149000,151600,61000,6097100,0.0017057289531088,0.8444998441882207,0.47328683191306475,0.038487300007403524
2021,Iowa,3197944.0,3700,3600,42500,31100,343600,300,0,0,0,2525400,100900,59600,3110700,0.0011894428906676,0.8118429935384318,0.6069373452919484,0.05013726326782497
2021,Kansas,2937946.0,4500,3300,38300,21400,260900,400,100,0,0,2158100,85900,19900,2592800,0.0017355754396791,0.8323434125269978,0.45127698539878813,0.033927829189420944
2021,Kentucky,4507600.0,4200,3100,48300,27100,365800,600,0,0,0,3422900,116200,28300,4016500,0.00104568654301,0.8522096352545748,0.5955567897807053,0.030349576381906385
2021,Louisiana,4627047.0,3200,2000,26000,54400,413200,300,0,0,0,3185200,115000,20700,3820000,0.0008376963350785,0.8338219895287958,0.6004607329843599,0.04837524404872551
2021,Maine,1378787.0,3000,4200,25500,9100,112200,100,0,0,0,1044300,27400,8900,1234700,0.002429740017818,0.8457925002024783,0.5652640956891162,0.03349308200841916
2021,Maryland,6175045.0,25600,17200,130900,27700,347200,400,0,0,0,4380600,89500,32100,5051200,0.0050681026290782,0.8672394678492239,0.3616020835533287,0.013995005457461795
2021,Massachusetts,6991951.0,30500,22200,138800,17500,306900,400,0,0,0,4816400,59700,30800,5423200,0.0056239858386192,0.8881103407582239,0.443355794154231,0.01904847381657393
2021,Michigan,10038117.0,17500,17200,106400,52100,912200,500,100,0,0,7067400,173200,51600,8398200,0.0020837798575885,0.8415374723154961,0.6679478261963541,0.06117067314973257
2021,Minnesota,5717968.0,15000,8900,95200,40100,548700,300,0,0,0,4342800,128700,29800,5209500,0.0028793550244745,0.8336308666858624,0.43964982613126025,0.04141772623482032
2021,Mississippi,2949582.0,1300,1100,18700,27400,305000,200,0,0,0,2289900,76000,9600,2729200,0.0004763300600908,0.8390370804631394,0.6162474351459231,0.036293636780959204
2021,Missouri,6170393.0,10000,7200,85600,55800,602500,1800,100,0,0,4582100,172100,40700,5557900,0.0017992407204159,0.8244300905018083,0.4915705572248805,0.030802073627218762
2021,Montana,1106366.0,1600,1100,13900,27500,100500,100,0,0,0,761800,70900,12200,989600,0.0016168148746968,0.7698059822150364,0.7432857271176614,0.04624611364351727
2021,Nebraska,1964253.0,2700,2000,23700,21600,202500,200,0,0,0,1574900,73800,27300,1928700,0.0013999066728884,0.8165603774563177,0.4760460413750729,0.04536252301810806
2021,Nevada,3146632.0,17400,6300,50200,21300,133600,300,100,0,0,2140700,84700,22800,2477400,0.0070234923710341,0.8640913861306209,0.5396133776613328,0.023170084156730608
2021,New Hampshire,1387494.0,4000,3500,27000,11300,102800,200,0,0,0,1187400,29300,12700,1378200,0.0029023363807865,0.8615585546364823,0.48191145724162054,0.02427097570011605
2021,New Jersey,9269175.0,47800,18500,121500,23900,412200,500,100,0,0,6346100,86400,38100,7095100,0.0067370438753505,0.8944341869741089,0.569044221772032,0.016922821639456576
2021,New Mexico,2116950.0,4200,2800,32800,25200,156900,200,100,0,0,1569000,87600,24500,1903300,0.0022066936373666,0.8243576945305522,0.5837270489716326,0.03189874421010952
2021,New York,19854526.0,51900,44600,221600,43000,663700,900,100,0,0,10116400,152400,83200,11377800,0.0045615145282919,0.8891349821582379,0.6046316705214327,0.030908628411499217
2021,North Carolina,10567100.0,25200,13500,151600,61000,687700,800,200,0,0,7685800,210000,77000,8912800,0.0028273943093079,0.8623328247015528,0.5330236663375862,0.026824395023592018
2021,North Dakota,777982.0,400,400,5400,16000,95700,100,0,0,0,607000,42800,9000,776800,0.0005149330587023,0.7814109165808445,1.0123583934087144,0.07678203878629764
2021,Ohio,11765227.0,21200,13100,143700,54600,875100,1200,100,0,0,9019200,199200,68800,10396200,0.0020392066331928,0.8675477578345934,0.4536589960920798,0.03180575591497914
2021,Oklahoma,3991634.0,7100,6900,38700,50700,391100,2400,300,0,0,3429700,148500,48700,4124100,0.0017215877403554,0.8316238694503043,1.02625813546483,0.06455623248753484
2021,Oregon,4256465.0,30300,16900,123200,43900,193700,300,100,0,0,3094700,217800,63900,3784800,0.008005707038681,0.8176653984358486,0.2965734127646307,0.0097355528941927
2021,Pennsylvania,13013614.0,26800,17800,168200,58600,723000,1200,100,0,0,9035500,195000,51000,10277200,0.0026077141633908,0.8791791538551357,0.5237842436239324,0.02378843129388275
2021,Rhode Island,1097092.0,2500,2400,16300,2500,44100,100,0,0,0,796100,11300,6300,881600,0.0028357531760435,0.9030172413793104,0.5651585186025421,0.015348263129703277
2021,South Carolina,5193848.0,7400,4700,57400,32100,411800,400,100,0,0,4200600,104900,46000,4865400,0.0015209438072923,0.8633616968800099,0.6496709604368087,0.029022092902314833
2021,South Dakota,896299.0,700,700,8700,16900,105000,100,0,0,0,726200,51100,15700,925100,0.000756674954059,0.7849962166252297,0.7498108312615688,0.05479590409404045
2021,Tennessee,6963709.0,12200,6300,79800,38400,511000,500,100,0,0,5396100,150200,39600,6234200,0.0019569471624266,0.8655641461614962,0.5522103467309756,0.02619045291122668
2021,Texas,29561286.0,80900,30600,304700,376300,2422300,2200,1600,0,0,20599100,765100,131100,24713900,0.0032734614933296,0.8335026037978628,0.5369528811085891,0.0417411773877947
2021,Utah,3339284.0,16500,7500,58500,51600,190200,2600,700,0,0,2428900,153800,27400,2937700,0.0056166388671409,0.8268032814787079,0.4441281201522984,0.014895741549119768
2021,Vermont,647093.0,3400,3200,15800,5600,42000,100,0,0,0,511900,15000,5400,602400,0.0056440903054448,0.8497675962815405,0.5526379331160034,0.026505687164847025
2021,Virginia,8657348.0,30700,15800,176500,35300,506600,600,100,0,0,6661000,154300,32700,7613600,0.0040322580645161,0.8748817904801933,0.5140047206924023,0.013185905015292931
2021,Washington,7741433.0,66800,24300,240000,59000,359700,600,100,0,0,5792000,283600,64400,6890500,0.0096945069298309,0.8405776068500109,0.31156120386728237,0.00972471125957508
2021,West Virginia,1785249.0,1000,1000,14500,13900,129800,200,0,0,0,1268300,46100,10900,1485700,0.0006730833950326,0.8536716699199031,0.6633012496916555,0.040475943271878645
2021,Wisconsin,5879978.0,9300,7700,93500,39800,556500,700,100,0,0,4639100,143300,29900,5519900,0.0016848131306726,0.8404318918820993,0.4898026965636537,0.041667330418012405
2021,Wyoming,579548.0,500,400,5700,17100,59400,100,0,0,0,482400,62100,15600,643300,0.0007772423441629,0.7498834136483755,0.653712627597459,0.049212150223055806
2022,Alabama,5073903.0,8700,4400,50800,48100,449800,100,100,0,0,4077100,126100,30300,4795500,0.0018142008132624,0.8501928891669274,0.8325744214989312,-0.00361003194053211
2022,Alaska,733276.0,2000,700,9000,8700,48600,0,0,0,0,457100,30500,5500,562100,0.0035580857498665,0.813200498132005,0.5576204617300793,-0.0030323061462214085
2022,Arizona,7365684.0,65800,20400,150800,61200,446000,600,800,0,0,5476100,198700,70100,6490500,0.0101378938448501,0.8437100377474771,0.584002322805188,-0.005556526598380684
2022,Arkansas,3046404.0,5100,2500,30600,33300,283900,200,0,0,0,2229500,89700,10600,2685400,0.0018991584121546,0.8302301333134728,1.1293522380279697,-0.0033608736022376906
2022,California,39040616.0,903600,361100,1514000,183900,1338000,10300,1500,14900,0,31059000,725300,8200,36119800,0.0250167498158904,0.8598884822175095,0.5549613779631961,-0.0136361102674325
2022,Colorado,5841039.0,59900,24000,131800,62100,346400,300,100,0,0,4506300,206800,49400,5387100,0.01111915501847,0.8364983014980231,0.5886567862064882,-0.007749266023616808
2022,Connecticut,3608706.0,22000,13100,64500,10100,139800,200,0,0,0,2636300,44100,21200,2951300,0.0074543421543048,0.8932673736997255,0.6096895238468747,-0.005017104690656304
2022,Delaware,1019459.0,5400,2800,19500,4700,66200,0,0,0,0,795400,14500,5100,913600,0.0059106830122591,0.8706217162872154,0.7921190893170087,-0.005628436545892512
2022,District of Columbia,,5900,3200,17200,400,17800,100,0,0,0,272200,2000,600,319400,0.0184721352536005,0.852222917971196,0.6060772732657593,-0.0169949347029984
2022,Florida,22245521.0,168000,45800,338700,150900,1137200,400,100,0,0,15846500,343500,97200,18128300,0.0092672782334802,0.8741305031359807,0.7186729724718777,-0.006278305939401707
2022,Georgia,10913150.0,60100,18100,147200,82500,745000,300,300,0,0,8204500,205900,78500,9542400,0.0062982059020791,0.8597941817572099,0.7412131181698254,-0.005083358537597005
2022,Hawaii,1439399.0,19800,5600,32600,3100,39900,0,0,0,0,960000,15500,4000,1080500,0.0183248496066635,0.8884775566867191,0.39475334189309463,-0.008194026784749009
2022,Idaho,1938996.0,5900,3500,36500,40300,133300,100,100,0,0,1545500,136000,33000,1934200,0.0030503567366353,0.7990383621135353,0.665581931252575,-0.011942922138351797
2022,Illinois,12582515.0,66900,25700,244100,55400,807900,300,0,0,0,8606400,171300,59500,10037500,0.00666500622665,0.8574246575342466,0.8310872038076418,-0.006907385437852076
2022,Indiana,6832274.0,17700,10100,100900,49100,587100,300,0,0,0,5116800,153500,58900,6094400,0.0029043055920189,0.8395904436860068,0.7026770793364427,-0.005813382365905673
2022,Iowa,3199693.0,6200,4900,48600,37000,338900,100,0,0,0,2521300,103000,58200,3118200,0.0019883265986787,0.8085754602013983,0.6716452839217102,-0.0040248340664885696
2022,Kansas,2936716.0,7600,4300,43500,25000,260100,200,100,0,0,2159200,87000,17600,2604600,0.002917914459034,0.8289948552560854,0.6812374687518676,-0.0040230477234705075
2022,Kentucky,4511563.0,7600,4400,55800,32300,363800,300,0,0,0,3368800,115800,25800,3974600,0.0019121421023499,0.8475821466311075,0.8285997033545205,-0.0054299886225587235
2022,Louisiana,4588023.0,5900,2900,31400,60100,397500,100,0,0,0,3159000,115400,19900,3792200,0.0015558251147091,0.8330256842993513,0.8572662306840635,-0.0009550062716557894
2022,Maine,1389338.0,5000,5700,28900,10500,109100,0,0,0,0,1028100,26800,7900,1222000,0.0040916530278232,0.8413256955810148,0.6839879978178334,-0.005281206230126401
2022,Maryland,6163981.0,46100,22900,146200,30300,326900,300,0,0,0,4373900,88400,31800,5066800,0.009098444777769,0.863247019815268,0.7952368852135594,-0.004603628158041828
2022,Massachusetts,6982740.0,49400,30500,158600,19500,297000,200,0,0,0,4777600,59300,30200,5422300,0.0091105250539438,0.8811021153385095,0.6199409663130686,-0.007891165205588302
2022,Michigan,10033281.0,33100,24300,122800,62800,905700,300,100,0,0,7071800,175400,49600,8445900,0.0039190613196935,0.8373056749428717,0.8807463300028824,-0.005028649955397313
2022,Minnesota,5714300.0,24300,11900,105300,46900,531500,100,0,0,0,4180500,127300,25600,5053400,0.0048086436854395,0.8272648118098705,0.6700419519531486,-0.00763653930102226
2022,Mississippi,2938928.0,2400,1600,22300,31600,302000,100,0,0,0,2275400,75400,9100,2719900,0.0008823853818155,0.8365748740762528,0.8524662954240092,-0.002934562064322077
2022,Missouri,6177168.0,17900,10400,95100,61300,576700,1200,100,0,0,4444600,176200,38900,5422400,0.0033011212747123,0.8196739451165536,0.8347301932724354,-0.005769009937955816
2022,Montana,1122878.0,3300,1700,17100,33200,98000,0,0,0,0,765400,69900,11000,999600,0.0033013205282112,0.7657062825130052,1.0418667466986866,-0.005325627231727581
2022,Nebraska,1968060.0,4600,2900,27300,25600,201800,100,0,0,0,1576900,75100,25900,1940200,0.0023708895990104,0.8127512627564168,0.6936054702265189,-0.004664829209282351
2022,Nevada,3177421.0,32900,8800,59100,24700,130700,200,100,0,0,2157700,85200,21300,2520700,0.013051930019439,0.8559923830681954,0.8583247948366899,-0.009372854760990812
2022,New Hampshire,1399003.0,7000,4800,31100,12900,95400,100,0,0,0,1180700,29400,12300,1373700,0.0050957268690398,0.8595035306107592,0.7557326927276831,-0.002385240114747833
2022,New Jersey,9260817.0,87000,26800,142600,25900,404200,300,0,0,0,6339500,85500,36900,7148700,0.0121700449032691,0.8868045938422371,0.806436937095937,-0.008530077721741525
2022,New Mexico,2113476.0,7100,3900,37600,28600,155900,100,100,0,0,1584500,88000,23600,1929400,0.003679900487198,0.8212397636570955,0.6676082374486201,-0.0037822548320268767
2022,New York,19673200.0,84700,59800,259600,48400,633100,400,100,0,0,9987400,152000,80800,11306300,0.00749139860078,0.8833482217878528,0.6423051059721654,-0.0065083035607694795
2022,North Carolina,10695965.0,45600,18800,175300,71300,675300,300,100,0,0,7700300,209600,73700,8970300,0.0050834420253503,0.8584216804343221,0.7979246858548863,-0.004535539127348387
2022,North Dakota,778912.0,600,600,6600,18300,93500,0,0,0,0,614300,43800,7800,785500,0.000763844684914,0.7820496499045194,0.48338637810318574,0.0008174102896716384
2022,Ohio,11759697.0,34100,17800,165700,63400,868500,700,100,0,0,8868300,197000,62700,10278300,0.0033176692643725,0.8628177811505794,0.6269411889750489,-0.005452122538844528
2022,Oklahoma,4019271.0,16300,11500,47000,60200,380800,2000,300,0,0,3538100,147500,46200,4249900,0.0038353843619849,0.8325137062048519,1.227818119332758,0.0010699990551445993
2022,Oregon,4239379.0,47000,22500,138900,50200,186300,100,100,0,0,3065400,216100,53200,3779800,0.0124345203449917,0.8109952907561246,0.5532070165585747,-0.00815750268078308
2022,Pennsylvania,12972091.0,47400,25400,199600,68100,698500,500,100,0,0,8888900,191700,45100,10165300,0.0046629219009768,0.8744355798648343,0.7881261552507048,-0.005395457762506273
2022,Rhode Island,1093842.0,4300,3400,18600,2800,43100,0,0,0,0,782500,11200,6100,872000,0.0049311926605504,0.8973623853211009,0.7389357798165281,-0.006262179501215215
2022,South Carolina,5282955.0,13500,6700,66800,38300,411400,100,100,0,0,4254700,107600,45500,4944700,0.0027301959673994,0.8604566505551399,0.7950669540250161,-0.003364807977199069
2022,South Dakota,909869.0,1200,1000,10300,20000,105700,0,0,0,0,739400,53000,14500,945100,0.0012697069093217,0.7823510739604275,0.6780083740193381,-0.0033696247303890425
2022,Tennessee,7048976.0,22000,8900,94000,45700,519400,100,100,0,0,5536100,157700,38600,6422600,0.0034254040419767,0.8619717871267089,0.7503814654501064,-0.004150309426191434
2022,Texas,30029848.0,149000,42800,361800,420800,2398800,1400,1400,0,0,21065800,771000,133200,25346000,0.0058786396275546,0.8311291722559773,0.7958481074341719,-0.0028475394450730995
2022,Utah,3381236.0,28000,10200,69300,61500,189900,2300,600,0,0,2454700,155000,26000,2997500,0.0093411175979983,0.8189157631359466,0.663115222281206,-0.009539776291955127
2022,Vermont,647110.0,5300,4200,17800,6400,40000,0,0,0,0,501500,14700,5100,595000,0.00890756302521,0.8428571428571429,0.5782105783489961,-0.008132168671336482
2022,Virginia,8679099.0,56600,21700,198400,40000,496200,300,0,0,0,6643300,153700,31900,7642100,0.0074063411889402,0.8693029402912812,0.8367726148571826,-0.006376690256463258
2022,Washington,7784477.0,104100,31400,270200,67500,348300,100,100,0,0,5650700,277400,52700,6802500,0.015303197353914,0.8306798970966557,0.5785431342386931,-0.01177489106621099
2022,West Virginia,1774035.0,1900,1400,18300,15600,127500,100,0,0,0,1267500,45700,10900,1488900,0.001276109879777,0.8512996171670361,0.8959164483848143,-0.0027786476188083054
2022,Wisconsin,5890543.0,15700,10000,105200,46500,549700,300,0,0,0,4577400,144500,26900,5476200,0.0028669515357364,0.8358715897885395,0.7016436324851496,-0.005426141175279953
2022,Wyoming,581629.0,800,600,6900,19100,58600,0,0,0,0,483000,61200,14200,644400,0.0012414649286157,0.749534450651769,0.59726877715698,-0.0004653563344049205
